Variable,Weighted hit rate %
INTERNAL,100.0
TELCO_A,19.62355487080443
TELCO_B,28.345225802068505
BUREAU_X,23.25533721256389
BUREAU_Y,22.929610022028026
UTILITY,50.0
DEVICE,50.0
