Variable,Weighted hit rate %
INTERNAL,100.0
TELCO_A,27.466124661246614
TELCO_B,39.91869918699187
BUREAU_X,41.77506775067751
BUREAU_Y,29.61382113821138
UTILITY,74.96612466124661
DEVICE,25.033875338753386
