,Variable,Gini
0,INTERNAL,0.35279819339225515
1,TELCO_A,0.11987947212810068
2,TELCO_B,0.18205407286971564
3,BUREAU_X,0.06647826200010543
4,BUREAU_Y,0.1616440522703333
5,DEVICE,0.19420462455583065
